<?xml version="1.0" encoding="utf-8" ?>
<dwsync>
<file name="connect-lists-through-tabs.html" server="C:/xampp/htdocs/cd4/" local="129981541900000000" remote="129981541900000000" />
<file name="connect-lists.html" server="C:/xampp/htdocs/cd4/" local="129981541900000000" remote="129981541900000000" />
<file name="default.html" server="C:/xampp/htdocs/cd4/" local="129981541900000000" remote="129981541900000000" />
<file name="delay-start.html" server="C:/xampp/htdocs/cd4/" local="129981541900000000" remote="129981541900000000" />
<file name="display-grid.html" server="C:/xampp/htdocs/cd4/" local="129981541900000000" remote="129981541900000000" />
<file name="empty-lists.html" server="C:/xampp/htdocs/cd4/" local="129981541900000000" remote="129981541900000000" />
<file name="index.html" server="C:/xampp/htdocs/cd4/" local="129981541900000000" remote="129981541900000000" />
<file name="items.html" server="C:/xampp/htdocs/cd4/" local="129981541900000000" remote="129981541900000000" />
<file name="placeholder.html" server="C:/xampp/htdocs/cd4/" local="129981541900000000" remote="129981541900000000" />
<file name="portlets.html" server="C:/xampp/htdocs/cd4/" local="129981541900000000" remote="129981541900000000" />
</dwsync>