<?xml version="1.0" encoding="utf-8" ?>
<dwsync>
<file name="categories.html" server="C:/xampp/htdocs/cd4/" local="129981541900000000" remote="129981541900000000" />
<file name="combobox.html" server="C:/xampp/htdocs/cd4/" local="129981541900000000" remote="129981541900000000" />
<file name="custom-data.html" server="C:/xampp/htdocs/cd4/" local="129981541900000000" remote="129981541900000000" />
<file name="default.html" server="C:/xampp/htdocs/cd4/" local="129981541900000000" remote="129981541900000000" />
<file name="folding.html" server="C:/xampp/htdocs/cd4/" local="129981541900000000" remote="129981541900000000" />
<file name="index.html" server="C:/xampp/htdocs/cd4/" local="129981541900000000" remote="129981541900000000" />
<file name="london.xml" server="C:/xampp/htdocs/cd4/" local="129981541900000000" remote="129981541900000000" />
<file name="maxheight.html" server="C:/xampp/htdocs/cd4/" local="129981541900000000" remote="129981541900000000" />
<file name="multiple-remote.html" server="C:/xampp/htdocs/cd4/" local="129981541900000000" remote="129981541900000000" />
<file name="multiple.html" server="C:/xampp/htdocs/cd4/" local="129981541900000000" remote="129981541900000000" />
<file name="remote-jsonp.html" server="C:/xampp/htdocs/cd4/" local="129981541900000000" remote="129981541900000000" />
<file name="remote-with-cache.html" server="C:/xampp/htdocs/cd4/" local="129981541900000000" remote="129981541900000000" />
<file name="remote.html" server="C:/xampp/htdocs/cd4/" local="129981541900000000" remote="129981541900000000" />
<file name="search.php" server="C:/xampp/htdocs/cd4/" local="129981541900000000" remote="129981541900000000" />
<file name="xml.html" server="C:/xampp/htdocs/cd4/" local="129981541900000000" remote="129981541900000000" />
</dwsync>