<?xml version="1.0" encoding="utf-8" ?>
<dwsync>
<file name="high_tatras.jpg" server="C:/xampp/htdocs/cd4/" local="129981541900000000" remote="129981541900000000" />
<file name="high_tatras2.jpg" server="C:/xampp/htdocs/cd4/" local="129981541900000000" remote="129981541900000000" />
<file name="high_tatras2_min.jpg" server="C:/xampp/htdocs/cd4/" local="129981541900000000" remote="129981541900000000" />
<file name="high_tatras3.jpg" server="C:/xampp/htdocs/cd4/" local="129981541900000000" remote="129981541900000000" />
<file name="high_tatras3_min.jpg" server="C:/xampp/htdocs/cd4/" local="129981541900000000" remote="129981541900000000" />
<file name="high_tatras4.jpg" server="C:/xampp/htdocs/cd4/" local="129981541900000000" remote="129981541900000000" />
<file name="high_tatras4_min.jpg" server="C:/xampp/htdocs/cd4/" local="129981541900000000" remote="129981541900000000" />
<file name="high_tatras_min.jpg" server="C:/xampp/htdocs/cd4/" local="129981541900000000" remote="129981541900000000" />
</dwsync>