<?xml version="1.0" encoding="utf-8" ?>
<dwsync>
<file name="jquery-ui.css" server="C:/xampp/htdocs/cd4/" local="129981541920000000" remote="129981541920000000" />
<file name="jquery.ui.accordion.css" server="C:/xampp/htdocs/cd4/" local="129981541880000000" remote="129981541880000000" />
<file name="jquery.ui.all.css" server="C:/xampp/htdocs/cd4/" local="129981541880000000" remote="129981541880000000" />
<file name="jquery.ui.autocomplete.css" server="C:/xampp/htdocs/cd4/" local="129981541880000000" remote="129981541880000000" />
<file name="jquery.ui.base.css" server="C:/xampp/htdocs/cd4/" local="129981541880000000" remote="129981541880000000" />
<file name="jquery.ui.button.css" server="C:/xampp/htdocs/cd4/" local="129981541880000000" remote="129981541880000000" />
<file name="jquery.ui.core.css" server="C:/xampp/htdocs/cd4/" local="129981541880000000" remote="129981541880000000" />
<file name="jquery.ui.datepicker.css" server="C:/xampp/htdocs/cd4/" local="129981541880000000" remote="129981541880000000" />
<file name="jquery.ui.dialog.css" server="C:/xampp/htdocs/cd4/" local="129981541880000000" remote="129981541880000000" />
<file name="jquery.ui.menu.css" server="C:/xampp/htdocs/cd4/" local="129981541880000000" remote="129981541880000000" />
<file name="jquery.ui.progressbar.css" server="C:/xampp/htdocs/cd4/" local="129981541900000000" remote="129981541900000000" />
<file name="jquery.ui.resizable.css" server="C:/xampp/htdocs/cd4/" local="129981541900000000" remote="129981541900000000" />
<file name="jquery.ui.selectable.css" server="C:/xampp/htdocs/cd4/" local="129981541900000000" remote="129981541900000000" />
<file name="jquery.ui.slider.css" server="C:/xampp/htdocs/cd4/" local="129981541900000000" remote="129981541900000000" />
<file name="jquery.ui.spinner.css" server="C:/xampp/htdocs/cd4/" local="129981541900000000" remote="129981541900000000" />
<file name="jquery.ui.tabs.css" server="C:/xampp/htdocs/cd4/" local="129981541900000000" remote="129981541900000000" />
<file name="jquery.ui.theme.css" server="C:/xampp/htdocs/cd4/" local="129981541880000000" remote="129981541880000000" />
<file name="jquery.ui.tooltip.css" server="C:/xampp/htdocs/cd4/" local="129981541900000000" remote="129981541900000000" />
</dwsync>