<?xml version="1.0" encoding="utf-8" ?>
<dwsync>
<file name="globalize.culture.de-DE.js" server="C:/xampp/htdocs/cd4/" local="129981541880000000" remote="129981541880000000" />
<file name="globalize.culture.ja-JP.js" server="C:/xampp/htdocs/cd4/" local="129981541880000000" remote="129981541880000000" />
<file name="globalize.js" server="C:/xampp/htdocs/cd4/" local="129981541880000000" remote="129981541880000000" />
<file name="jquery.bgiframe-2.1.2.js" server="C:/xampp/htdocs/cd4/" local="129981541880000000" remote="129981541880000000" />
<file name="jquery.cookie.js" server="C:/xampp/htdocs/cd4/" local="129981541880000000" remote="129981541880000000" />
<file name="jquery.metadata.js" server="C:/xampp/htdocs/cd4/" local="129981541880000000" remote="129981541880000000" />
<file name="jquery.mousewheel.js" server="C:/xampp/htdocs/cd4/" local="129981541880000000" remote="129981541880000000" />
<file name="jshint.js" server="C:/xampp/htdocs/cd4/" local="129981541880000000" remote="129981541880000000" />
<file name="qunit.css" server="C:/xampp/htdocs/cd4/" local="129981541880000000" remote="129981541880000000" />
<file name="qunit.js" server="C:/xampp/htdocs/cd4/" local="129981541880000000" remote="129981541880000000" />
</dwsync>