<?xml version="1.0" encoding="utf-8" ?>
<dwsync>
<file name="custom-animation.html" server="C:/xampp/htdocs/cd4/" local="129981541920000000" remote="129981541920000000" />
<file name="custom-content.html" server="C:/xampp/htdocs/cd4/" local="129981541920000000" remote="129981541920000000" />
<file name="custom-style.html" server="C:/xampp/htdocs/cd4/" local="129981541920000000" remote="129981541920000000" />
<file name="default.html" server="C:/xampp/htdocs/cd4/" local="129981541920000000" remote="129981541920000000" />
<file name="forms.html" server="C:/xampp/htdocs/cd4/" local="129981541920000000" remote="129981541920000000" />
<file name="index.html" server="C:/xampp/htdocs/cd4/" local="129981541920000000" remote="129981541920000000" />
<file name="tracking.html" server="C:/xampp/htdocs/cd4/" local="129981541920000000" remote="129981541920000000" />
<file name="video-player.html" server="C:/xampp/htdocs/cd4/" local="129981541920000000" remote="129981541920000000" />
</dwsync>