<?xml version="1.0" encoding="utf-8" ?>
<dwsync>
<file name="footer.php" server="C:/xampplite/htdocs/chai/" local="129874099042900060" remote="129874099040000000" />
<file name="footer.php" server="C:/xampplite/htdocs/poc/" local="129874099042900060" remote="129874099040000000" />
<file name="header.php" server="C:/xampplite/htdocs/poc/" local="129875890157887607" remote="129875890150000000" />
<file name="sidebar.php" server="C:/xampplite/htdocs/poc/" local="129875745634294230" remote="129875745630000000" />
<file name="header.php" server="C:/xampp/htdocs/poc/" local="130035977083497349" remote="130035977080000000" />
<file name="sidebar.php" server="C:/xampp/htdocs/poc/" local="130012446448280532" remote="130012446440000000" />
<file name="footer.php" server="C:/xampp/htdocs/poc/" local="129874459060000000" remote="129874459060000000" />
<file name="admin.php" server="C:/xampp/htdocs/poc/" local="129955148031773656" remote="129955148030000000" />
<file name="dbConf.php" server="C:/xampp/htdocs/poc/" local="130037842771867199" remote="130037842770000000" />
<file name="sideAdmin.php" server="C:/xampp/htdocs/poc/" local="129955136662743385" remote="129955136660000000" />
<file name="headerLogin-2.php" server="C:/xampp/htdocs/poc/" local="129938074750000000" remote="129938074750000000" />
<file name="calendar.js" server="C:/xampp/htdocs/poc/" local="129190276120000000" remote="129190276120000000" />
<file name="calendar.css" server="C:/xampp/htdocs/poc/" local="129233967920000000" remote="129233967920000000" />
<file name="validatedevices.js" server="C:/xampp/htdocs/poc/" local="130037560984195862" remote="130037560980000000" />
<file name="jquery.autocomplete.js" server="C:/xampp/htdocs/poc/" local="129122583600000000" remote="129122583600000000" />
<file name="jquery.autocomplete.css" server="C:/xampp/htdocs/poc/" local="129201131480000000" remote="129201131480000000" />
<file name="jquery.prettyPhoto.js" server="C:/xampp/htdocs/poc/" local="129752547140000000" remote="129752547140000000" />
<file name="jquery.js" server="C:/xampp/htdocs/poc/" local="129122583600000000" remote="129122583600000000" />
<file name="prettyPhoto.css" server="C:/xampp/htdocs/poc/" local="129752546900000000" remote="129752546900000000" />
<file name="jquery.min.js" server="C:/xampp/htdocs/poc/" local="129993593502870010" remote="129993593500000000" />
<file name="ValPass.js" server="C:/xampp/htdocs/poc/" local="130038501233510738" remote="130038501230000000" />
<file name="validation.css" server="C:/xampp/htdocs/poc/" local="129324433500000000" remote="129324433500000000" />
<file name="calendar.js" server="C:/xampp/htdocs/cd4/" local="129190276120000000" remote="129190276120000000" />
<file name="calendar.css" server="C:/xampp/htdocs/cd4/" local="129233967920000000" remote="129233967920000000" />
<file name="prettyPhoto.css" server="C:/xampp/htdocs/cd4/" local="129752546900000000" remote="129752546900000000" />
<file name="dbConf.php" server="C:/xampp/htdocs/cd4/" local="130107264200000000" remote="130107264200000000" />
<file name="header.php" server="C:/xampp/htdocs/cd4/" local="130105890580000000" remote="130105890580000000" />
<file name="sidebar.php" server="C:/xampp/htdocs/cd4/" local="130099738840000000" remote="130099738840000000" />
<file name="footer.php" server="C:/xampp/htdocs/cd4/" local="129874459060000000" remote="129874459060000000" />
<file name="validatedevices.js" server="C:/xampp/htdocs/cd4/" local="130075659920000000" remote="130075659920000000" />
<file name="validation.css" server="C:/xampp/htdocs/cd4/" local="129324433500000000" remote="129324433500000000" />
<file name="admin.php" server="C:/xampp/htdocs/cd4/" local="130084216009043246" remote="130084216000000000" />
<file name="ValPass.js" server="C:/xampp/htdocs/cd4/" local="130047017760381219" remote="130047017760000000" />
<file name="jquery.autocomplete.js" server="C:/xampp/htdocs/cd4/" local="129122583600000000" remote="129122583600000000" />
<file name="jquery.autocomplete.css" server="C:/xampp/htdocs/cd4/" local="129201131480000000" remote="129201131480000000" />
<file name="headerLogin-2.php" server="C:/xampp/htdocs/cd4/" local="130064486799164205" remote="130064486790000000" />
<file name="sideAdmin.php" server="C:/xampp/htdocs/cd4/" local="130058135404598384" remote="130058135400000000" />
<file name="calendar_form.php" server="C:/xampp/htdocs/cd4/" local="129186535120000000" remote="129186535120000000" />
<file name="dbConf.xlsx" server="C:/xampp/htdocs/cd4/" local="130075530921692400" remote="130075530920000000" />
<file name="jquery-ui.css" server="C:/xampp/htdocs/cd4/" local="129332706960000000" remote="129332706960000000" />
<file name="jquery-ui.min.js" server="C:/xampp/htdocs/cd4/" local="129332707380000000" remote="129332707380000000" />
<file name="jquery.js" server="C:/xampp/htdocs/cd4/" local="129122583600000000" remote="129122583600000000" />
<file name="jquery.min.js" server="C:/xampp/htdocs/cd4/" local="129993593502870010" remote="129993593500000000" />
<file name="jquery.prettyPhoto.js" server="C:/xampp/htdocs/cd4/" local="129752547140000000" remote="129752547140000000" />
<file name="jquery22.js" server="C:/xampp/htdocs/cd4/" local="128453934780000000" remote="128453934780000000" />
<file name="userGuide.pdf" server="C:/xampp/htdocs/cd4/" local="130046999966123445" remote="130046999960000000" />
<file name="programheader.php" server="C:/xampp/htdocs/cd4/" local="130062400472981512" remote="130062400470000000" />
</dwsync>