<?xml version="1.0" encoding="utf-8" ?>
<dwsync>
<file name="jquery-ui.min.css" server="C:/xampp/htdocs/cd4/" local="129981541940000000" remote="129981541940000000" />
<file name="jquery.ui.accordion.min.css" server="C:/xampp/htdocs/cd4/" local="129981541940000000" remote="129981541940000000" />
<file name="jquery.ui.autocomplete.min.css" server="C:/xampp/htdocs/cd4/" local="129981541940000000" remote="129981541940000000" />
<file name="jquery.ui.button.min.css" server="C:/xampp/htdocs/cd4/" local="129981541940000000" remote="129981541940000000" />
<file name="jquery.ui.core.min.css" server="C:/xampp/htdocs/cd4/" local="129981541940000000" remote="129981541940000000" />
<file name="jquery.ui.datepicker.min.css" server="C:/xampp/htdocs/cd4/" local="129981541940000000" remote="129981541940000000" />
<file name="jquery.ui.dialog.min.css" server="C:/xampp/htdocs/cd4/" local="129981541940000000" remote="129981541940000000" />
<file name="jquery.ui.menu.min.css" server="C:/xampp/htdocs/cd4/" local="129981541940000000" remote="129981541940000000" />
<file name="jquery.ui.progressbar.min.css" server="C:/xampp/htdocs/cd4/" local="129981541940000000" remote="129981541940000000" />
<file name="jquery.ui.resizable.min.css" server="C:/xampp/htdocs/cd4/" local="129981541940000000" remote="129981541940000000" />
<file name="jquery.ui.selectable.min.css" server="C:/xampp/htdocs/cd4/" local="129981541940000000" remote="129981541940000000" />
<file name="jquery.ui.slider.min.css" server="C:/xampp/htdocs/cd4/" local="129981541940000000" remote="129981541940000000" />
<file name="jquery.ui.spinner.min.css" server="C:/xampp/htdocs/cd4/" local="129981541940000000" remote="129981541940000000" />
<file name="jquery.ui.tabs.min.css" server="C:/xampp/htdocs/cd4/" local="129981541940000000" remote="129981541940000000" />
<file name="jquery.ui.theme.min.css" server="C:/xampp/htdocs/cd4/" local="129981541940000000" remote="129981541940000000" />
<file name="jquery.ui.tooltip.min.css" server="C:/xampp/htdocs/cd4/" local="129981541940000000" remote="129981541940000000" />
</dwsync>