<?xml version="1.0" encoding="utf-8" ?>
<dwsync>
<file name="accordion.html" server="C:/xampp/htdocs/cd4/" local="129981541940000000" remote="129981541940000000" />
<file name="autocomplete.html" server="C:/xampp/htdocs/cd4/" local="129981541940000000" remote="129981541940000000" />
<file name="blind-effect.html" server="C:/xampp/htdocs/cd4/" local="129981541940000000" remote="129981541940000000" />
<file name="bounce-effect.html" server="C:/xampp/htdocs/cd4/" local="129981541940000000" remote="129981541940000000" />
<file name="button.html" server="C:/xampp/htdocs/cd4/" local="129981541940000000" remote="129981541940000000" />
<file name="clip-effect.html" server="C:/xampp/htdocs/cd4/" local="129981541940000000" remote="129981541940000000" />
<file name="datepicker.html" server="C:/xampp/htdocs/cd4/" local="129981541940000000" remote="129981541940000000" />
<file name="dialog.html" server="C:/xampp/htdocs/cd4/" local="129981541940000000" remote="129981541940000000" />
<file name="draggable.html" server="C:/xampp/htdocs/cd4/" local="129981541940000000" remote="129981541940000000" />
<file name="drop-effect.html" server="C:/xampp/htdocs/cd4/" local="129981541940000000" remote="129981541940000000" />
<file name="droppable.html" server="C:/xampp/htdocs/cd4/" local="129981541940000000" remote="129981541940000000" />
<file name="explode-effect.html" server="C:/xampp/htdocs/cd4/" local="129981541940000000" remote="129981541940000000" />
<file name="fade-effect.html" server="C:/xampp/htdocs/cd4/" local="129981541940000000" remote="129981541940000000" />
<file name="fold-effect.html" server="C:/xampp/htdocs/cd4/" local="129981541940000000" remote="129981541940000000" />
<file name="highlight-effect.html" server="C:/xampp/htdocs/cd4/" local="129981541940000000" remote="129981541940000000" />
<file name="jQuery.widget.html" server="C:/xampp/htdocs/cd4/" local="129981541940000000" remote="129981541940000000" />
<file name="menu.html" server="C:/xampp/htdocs/cd4/" local="129981541940000000" remote="129981541940000000" />
<file name="mouse.html" server="C:/xampp/htdocs/cd4/" local="129981541940000000" remote="129981541940000000" />
<file name="position.html" server="C:/xampp/htdocs/cd4/" local="129981541940000000" remote="129981541940000000" />
<file name="progressbar.html" server="C:/xampp/htdocs/cd4/" local="129981541940000000" remote="129981541940000000" />
<file name="puff-effect.html" server="C:/xampp/htdocs/cd4/" local="129981541940000000" remote="129981541940000000" />
<file name="pulsate-effect.html" server="C:/xampp/htdocs/cd4/" local="129981541940000000" remote="129981541940000000" />
<file name="resizable.html" server="C:/xampp/htdocs/cd4/" local="129981541940000000" remote="129981541940000000" />
<file name="scale-effect.html" server="C:/xampp/htdocs/cd4/" local="129981541940000000" remote="129981541940000000" />
<file name="selectable.html" server="C:/xampp/htdocs/cd4/" local="129981541940000000" remote="129981541940000000" />
<file name="shake-effect.html" server="C:/xampp/htdocs/cd4/" local="129981541940000000" remote="129981541940000000" />
<file name="size-effect.html" server="C:/xampp/htdocs/cd4/" local="129981541940000000" remote="129981541940000000" />
<file name="slide-effect.html" server="C:/xampp/htdocs/cd4/" local="129981541940000000" remote="129981541940000000" />
<file name="slider.html" server="C:/xampp/htdocs/cd4/" local="129981541940000000" remote="129981541940000000" />
<file name="sortable.html" server="C:/xampp/htdocs/cd4/" local="129981541940000000" remote="129981541940000000" />
<file name="spinner.html" server="C:/xampp/htdocs/cd4/" local="129981541940000000" remote="129981541940000000" />
<file name="tabs.html" server="C:/xampp/htdocs/cd4/" local="129981541940000000" remote="129981541940000000" />
<file name="tooltip.html" server="C:/xampp/htdocs/cd4/" local="129981541940000000" remote="129981541940000000" />
<file name="transfer-effect.html" server="C:/xampp/htdocs/cd4/" local="129981541940000000" remote="129981541940000000" />
</dwsync>