<?xml version="1.0" encoding="utf-8" ?>
<dwsync>
<file name="jquery-ui.custom.min.js" server="C:/xampp/htdocs/cd4/" local="129981541920000000" remote="129981541920000000" />
<file name="jquery.ui.accordion.min.js" server="C:/xampp/htdocs/cd4/" local="129981541880000000" remote="129981541880000000" />
<file name="jquery.ui.autocomplete.min.js" server="C:/xampp/htdocs/cd4/" local="129981541880000000" remote="129981541880000000" />
<file name="jquery.ui.button.min.js" server="C:/xampp/htdocs/cd4/" local="129981541880000000" remote="129981541880000000" />
<file name="jquery.ui.core.min.js" server="C:/xampp/htdocs/cd4/" local="129981541880000000" remote="129981541880000000" />
<file name="jquery.ui.datepicker.min.js" server="C:/xampp/htdocs/cd4/" local="129981541880000000" remote="129981541880000000" />
<file name="jquery.ui.dialog.min.js" server="C:/xampp/htdocs/cd4/" local="129981541880000000" remote="129981541880000000" />
<file name="jquery.ui.draggable.min.js" server="C:/xampp/htdocs/cd4/" local="129981541880000000" remote="129981541880000000" />
<file name="jquery.ui.droppable.min.js" server="C:/xampp/htdocs/cd4/" local="129981541880000000" remote="129981541880000000" />
<file name="jquery.ui.effect-blind.min.js" server="C:/xampp/htdocs/cd4/" local="129981541880000000" remote="129981541880000000" />
<file name="jquery.ui.effect-bounce.min.js" server="C:/xampp/htdocs/cd4/" local="129981541880000000" remote="129981541880000000" />
<file name="jquery.ui.effect-clip.min.js" server="C:/xampp/htdocs/cd4/" local="129981541880000000" remote="129981541880000000" />
<file name="jquery.ui.effect-drop.min.js" server="C:/xampp/htdocs/cd4/" local="129981541880000000" remote="129981541880000000" />
<file name="jquery.ui.effect-explode.min.js" server="C:/xampp/htdocs/cd4/" local="129981541880000000" remote="129981541880000000" />
<file name="jquery.ui.effect-fade.min.js" server="C:/xampp/htdocs/cd4/" local="129981541880000000" remote="129981541880000000" />
<file name="jquery.ui.effect-fold.min.js" server="C:/xampp/htdocs/cd4/" local="129981541880000000" remote="129981541880000000" />
<file name="jquery.ui.effect-highlight.min.js" server="C:/xampp/htdocs/cd4/" local="129981541880000000" remote="129981541880000000" />
<file name="jquery.ui.effect-pulsate.min.js" server="C:/xampp/htdocs/cd4/" local="129981541880000000" remote="129981541880000000" />
<file name="jquery.ui.effect-scale.min.js" server="C:/xampp/htdocs/cd4/" local="129981541880000000" remote="129981541880000000" />
<file name="jquery.ui.effect-shake.min.js" server="C:/xampp/htdocs/cd4/" local="129981541880000000" remote="129981541880000000" />
<file name="jquery.ui.effect-slide.min.js" server="C:/xampp/htdocs/cd4/" local="129981541880000000" remote="129981541880000000" />
<file name="jquery.ui.effect-transfer.min.js" server="C:/xampp/htdocs/cd4/" local="129981541880000000" remote="129981541880000000" />
<file name="jquery.ui.effect.min.js" server="C:/xampp/htdocs/cd4/" local="129981541880000000" remote="129981541880000000" />
<file name="jquery.ui.menu.min.js" server="C:/xampp/htdocs/cd4/" local="129981541880000000" remote="129981541880000000" />
<file name="jquery.ui.mouse.min.js" server="C:/xampp/htdocs/cd4/" local="129981541880000000" remote="129981541880000000" />
<file name="jquery.ui.position.min.js" server="C:/xampp/htdocs/cd4/" local="129981541880000000" remote="129981541880000000" />
<file name="jquery.ui.progressbar.min.js" server="C:/xampp/htdocs/cd4/" local="129981541880000000" remote="129981541880000000" />
<file name="jquery.ui.resizable.min.js" server="C:/xampp/htdocs/cd4/" local="129981541880000000" remote="129981541880000000" />
<file name="jquery.ui.selectable.min.js" server="C:/xampp/htdocs/cd4/" local="129981541880000000" remote="129981541880000000" />
<file name="jquery.ui.slider.min.js" server="C:/xampp/htdocs/cd4/" local="129981541880000000" remote="129981541880000000" />
<file name="jquery.ui.sortable.min.js" server="C:/xampp/htdocs/cd4/" local="129981541880000000" remote="129981541880000000" />
<file name="jquery.ui.spinner.min.js" server="C:/xampp/htdocs/cd4/" local="129981541880000000" remote="129981541880000000" />
<file name="jquery.ui.tabs.min.js" server="C:/xampp/htdocs/cd4/" local="129981541880000000" remote="129981541880000000" />
<file name="jquery.ui.tooltip.min.js" server="C:/xampp/htdocs/cd4/" local="129981541880000000" remote="129981541880000000" />
<file name="jquery.ui.widget.min.js" server="C:/xampp/htdocs/cd4/" local="129981541880000000" remote="129981541880000000" />
</dwsync>