<?xml version="1.0" encoding="utf-8" ?>
<dwsync>
<file name="ui-bg_flat_0_aaaaaa_40x100.png" server="C:/xampp/htdocs/cd4/" local="129981541940000000" remote="129981541940000000" />
<file name="ui-bg_flat_75_ffffff_40x100.png" server="C:/xampp/htdocs/cd4/" local="129981541940000000" remote="129981541940000000" />
<file name="ui-bg_glass_55_fbf9ee_1x400.png" server="C:/xampp/htdocs/cd4/" local="129981541940000000" remote="129981541940000000" />
<file name="ui-bg_glass_65_ffffff_1x400.png" server="C:/xampp/htdocs/cd4/" local="129981541940000000" remote="129981541940000000" />
<file name="ui-bg_glass_75_dadada_1x400.png" server="C:/xampp/htdocs/cd4/" local="129981541940000000" remote="129981541940000000" />
<file name="ui-bg_glass_75_e6e6e6_1x400.png" server="C:/xampp/htdocs/cd4/" local="129981541940000000" remote="129981541940000000" />
<file name="ui-bg_glass_95_fef1ec_1x400.png" server="C:/xampp/htdocs/cd4/" local="129981541940000000" remote="129981541940000000" />
<file name="ui-bg_highlight-soft_75_cccccc_1x100.png" server="C:/xampp/htdocs/cd4/" local="129981541940000000" remote="129981541940000000" />
<file name="ui-icons_222222_256x240.png" server="C:/xampp/htdocs/cd4/" local="129981541940000000" remote="129981541940000000" />
<file name="ui-icons_2e83ff_256x240.png" server="C:/xampp/htdocs/cd4/" local="129981541940000000" remote="129981541940000000" />
<file name="ui-icons_454545_256x240.png" server="C:/xampp/htdocs/cd4/" local="129981541940000000" remote="129981541940000000" />
<file name="ui-icons_888888_256x240.png" server="C:/xampp/htdocs/cd4/" local="129981541940000000" remote="129981541940000000" />
<file name="ui-icons_cd0a0a_256x240.png" server="C:/xampp/htdocs/cd4/" local="129981541940000000" remote="129981541940000000" />
</dwsync>