<?xml version="1.0" encoding="utf-8" ?>
<dwsync>
<file name="alt-field.html" server="C:/xampp/htdocs/cd4/" local="129981541900000000" remote="129981541900000000" />
<file name="animation.html" server="C:/xampp/htdocs/cd4/" local="129981541900000000" remote="129981541900000000" />
<file name="buttonbar.html" server="C:/xampp/htdocs/cd4/" local="129981541900000000" remote="129981541900000000" />
<file name="date-formats.html" server="C:/xampp/htdocs/cd4/" local="129981541900000000" remote="129981541900000000" />
<file name="date-range.html" server="C:/xampp/htdocs/cd4/" local="129981541900000000" remote="129981541900000000" />
<file name="default.html" server="C:/xampp/htdocs/cd4/" local="129981541900000000" remote="129981541900000000" />
<file name="dropdown-month-year.html" server="C:/xampp/htdocs/cd4/" local="129981541900000000" remote="129981541900000000" />
<file name="icon-trigger.html" server="C:/xampp/htdocs/cd4/" local="129981541900000000" remote="129981541900000000" />
<file name="index.html" server="C:/xampp/htdocs/cd4/" local="129981541900000000" remote="129981541900000000" />
<file name="inline.html" server="C:/xampp/htdocs/cd4/" local="129981541900000000" remote="129981541900000000" />
<file name="localization.html" server="C:/xampp/htdocs/cd4/" local="129981541900000000" remote="129981541900000000" />
<file name="min-max.html" server="C:/xampp/htdocs/cd4/" local="129981541900000000" remote="129981541900000000" />
<file name="multiple-calendars.html" server="C:/xampp/htdocs/cd4/" local="129981541900000000" remote="129981541900000000" />
<file name="other-months.html" server="C:/xampp/htdocs/cd4/" local="129981541900000000" remote="129981541900000000" />
<file name="show-week.html" server="C:/xampp/htdocs/cd4/" local="129981541900000000" remote="129981541900000000" />
</dwsync>