<?xml version="1.0" encoding="utf-8" ?>
<dwsync>
<file name="jquery-ui.custom.js" server="C:/xampp/htdocs/cd4/" local="129981541920000000" remote="129981541920000000" />
<file name="jquery.ui.accordion.js" server="C:/xampp/htdocs/cd4/" local="129981541880000000" remote="129981541880000000" />
<file name="jquery.ui.autocomplete.js" server="C:/xampp/htdocs/cd4/" local="129981541880000000" remote="129981541880000000" />
<file name="jquery.ui.button.js" server="C:/xampp/htdocs/cd4/" local="129981541880000000" remote="129981541880000000" />
<file name="jquery.ui.core.js" server="C:/xampp/htdocs/cd4/" local="129981541880000000" remote="129981541880000000" />
<file name="jquery.ui.datepicker.js" server="C:/xampp/htdocs/cd4/" local="129981541880000000" remote="129981541880000000" />
<file name="jquery.ui.dialog.js" server="C:/xampp/htdocs/cd4/" local="129981541880000000" remote="129981541880000000" />
<file name="jquery.ui.draggable.js" server="C:/xampp/htdocs/cd4/" local="129981541880000000" remote="129981541880000000" />
<file name="jquery.ui.droppable.js" server="C:/xampp/htdocs/cd4/" local="129981541880000000" remote="129981541880000000" />
<file name="jquery.ui.effect-blind.js" server="C:/xampp/htdocs/cd4/" local="129981541880000000" remote="129981541880000000" />
<file name="jquery.ui.effect-bounce.js" server="C:/xampp/htdocs/cd4/" local="129981541880000000" remote="129981541880000000" />
<file name="jquery.ui.effect-clip.js" server="C:/xampp/htdocs/cd4/" local="129981541880000000" remote="129981541880000000" />
<file name="jquery.ui.effect-drop.js" server="C:/xampp/htdocs/cd4/" local="129981541880000000" remote="129981541880000000" />
<file name="jquery.ui.effect-explode.js" server="C:/xampp/htdocs/cd4/" local="129981541880000000" remote="129981541880000000" />
<file name="jquery.ui.effect-fade.js" server="C:/xampp/htdocs/cd4/" local="129981541880000000" remote="129981541880000000" />
<file name="jquery.ui.effect-fold.js" server="C:/xampp/htdocs/cd4/" local="129981541880000000" remote="129981541880000000" />
<file name="jquery.ui.effect-highlight.js" server="C:/xampp/htdocs/cd4/" local="129981541880000000" remote="129981541880000000" />
<file name="jquery.ui.effect-pulsate.js" server="C:/xampp/htdocs/cd4/" local="129981541880000000" remote="129981541880000000" />
<file name="jquery.ui.effect-scale.js" server="C:/xampp/htdocs/cd4/" local="129981541880000000" remote="129981541880000000" />
<file name="jquery.ui.effect-shake.js" server="C:/xampp/htdocs/cd4/" local="129981541880000000" remote="129981541880000000" />
<file name="jquery.ui.effect-slide.js" server="C:/xampp/htdocs/cd4/" local="129981541880000000" remote="129981541880000000" />
<file name="jquery.ui.effect-transfer.js" server="C:/xampp/htdocs/cd4/" local="129981541880000000" remote="129981541880000000" />
<file name="jquery.ui.effect.js" server="C:/xampp/htdocs/cd4/" local="129981541880000000" remote="129981541880000000" />
<file name="jquery.ui.menu.js" server="C:/xampp/htdocs/cd4/" local="129981541880000000" remote="129981541880000000" />
<file name="jquery.ui.mouse.js" server="C:/xampp/htdocs/cd4/" local="129981541880000000" remote="129981541880000000" />
<file name="jquery.ui.position.js" server="C:/xampp/htdocs/cd4/" local="129981541880000000" remote="129981541880000000" />
<file name="jquery.ui.progressbar.js" server="C:/xampp/htdocs/cd4/" local="129981541880000000" remote="129981541880000000" />
<file name="jquery.ui.resizable.js" server="C:/xampp/htdocs/cd4/" local="129981541880000000" remote="129981541880000000" />
<file name="jquery.ui.selectable.js" server="C:/xampp/htdocs/cd4/" local="129981541880000000" remote="129981541880000000" />
<file name="jquery.ui.slider.js" server="C:/xampp/htdocs/cd4/" local="129981541880000000" remote="129981541880000000" />
<file name="jquery.ui.sortable.js" server="C:/xampp/htdocs/cd4/" local="129981541880000000" remote="129981541880000000" />
<file name="jquery.ui.spinner.js" server="C:/xampp/htdocs/cd4/" local="129981541880000000" remote="129981541880000000" />
<file name="jquery.ui.tabs.js" server="C:/xampp/htdocs/cd4/" local="129981541880000000" remote="129981541880000000" />
<file name="jquery.ui.tooltip.js" server="C:/xampp/htdocs/cd4/" local="129981541880000000" remote="129981541880000000" />
<file name="jquery.ui.widget.js" server="C:/xampp/htdocs/cd4/" local="129981541880000000" remote="129981541880000000" />
</dwsync>