<?xml version="1.0" encoding="utf-8" ?>
<dwsync>
<file name="ajax.html" server="C:/xampp/htdocs/cd4/" local="129981541900000000" remote="129981541900000000" />
<file name="bottom.html" server="C:/xampp/htdocs/cd4/" local="129981541900000000" remote="129981541900000000" />
<file name="collapsible.html" server="C:/xampp/htdocs/cd4/" local="129981541900000000" remote="129981541900000000" />
<file name="default.html" server="C:/xampp/htdocs/cd4/" local="129981541920000000" remote="129981541920000000" />
<file name="index.html" server="C:/xampp/htdocs/cd4/" local="129981541920000000" remote="129981541920000000" />
<file name="manipulation.html" server="C:/xampp/htdocs/cd4/" local="129981541920000000" remote="129981541920000000" />
<file name="mouseover.html" server="C:/xampp/htdocs/cd4/" local="129981541920000000" remote="129981541920000000" />
<file name="sortable.html" server="C:/xampp/htdocs/cd4/" local="129981541920000000" remote="129981541920000000" />
<file name="vertical.html" server="C:/xampp/htdocs/cd4/" local="129981541920000000" remote="129981541920000000" />
</dwsync>