<?xml version="1.0" encoding="utf-8" ?>
<dwsync>
<file name="errorsf.php" server="C:/xampp/htdocs/cd4/" local="130086885780000000" remote="130086885780000000" />
<file name="uploadf.php" server="C:/xampp/htdocs/cd4/" local="130100704900000000" remote="130100704900000000" />
<file name="loginf.php" server="C:/xampp/htdocs/cd4/" local="130101479980000000" remote="130101479980000000" />
<file name="emailf.php" server="C:/xampp/htdocs/cd4/" local="130087560320000000" remote="130087560320000000" />
<file name="devicef.php" server="C:/xampp/htdocs/cd4/" local="130105708820000000" remote="130105708820000000" />
<file name="faciltyf.php" server="C:/xampp/htdocs/cd4/" local="130075576780000000" remote="130075576780000000" />
<file name="testf.php" server="C:/xampp/htdocs/cd4/" local="130108306272740296" remote="130108306270000000" />
<file name="partnerf.php" server="C:/xampp/htdocs/cd4/" local="130099829540000000" remote="130099829540000000" />
<file name="reportsf.php" server="C:/xampp/htdocs/cd4/" local="130108282854910873" remote="130108282850000000" />
<file name="accessf.php" server="C:/xampp/htdocs/cd4/" local="130101465540000000" remote="130101465540000000" />
<file name="messagef.php" server="C:/xampp/htdocs/cd4/" local="130106657660000000" remote="130106657660000000" />
<file name="graphf.php" server="C:/xampp/htdocs/cd4/" local="130107385560000000" remote="130107385560000000" />
</dwsync>