<?xml version="1.0" encoding="utf-8" ?>
<dwsync>
<file name="jquery-1.7.2.min.js" server="C:/xampplite/htdocs/poc/" local="129875343720000000" remote="129875343720000000" />
<file name="jquery.cloneform.js" server="C:/xampplite/htdocs/poc/" local="129875343720000000" remote="129875343720000000" />
<file name="jquery-1.7.2.min.js" server="C:/xampp/htdocs/poc/" local="129875703720000000" remote="129875703720000000" />
<file name="jquery.cloneform.js" server="C:/xampp/htdocs/poc/" local="129875703720000000" remote="129875703720000000" />
<file name="jquery-1.7.2.min.js" server="C:/xampp/htdocs/cd4/" local="129875703720000000" remote="129875703720000000" />
<file name="jquery-ui-sliderAccess.js" server="C:/xampp/htdocs/cd4/" local="129856206660000000" remote="129856206660000000" />
<file name="jquery-ui-timepicker-addon.css" server="C:/xampp/htdocs/cd4/" local="129856206660000000" remote="129856206660000000" />
<file name="jquery-ui-timepicker-addon.js" server="C:/xampp/htdocs/cd4/" local="129856206660000000" remote="129856206660000000" />
<file name="jquery.cloneform.js" server="C:/xampp/htdocs/cd4/" local="129875703720000000" remote="129875703720000000" />
</dwsync>