<?xml version="1.0" encoding="utf-8" ?>
<dwsync>
<file name="AUTHORS.txt" server="C:/xampp/htdocs/cd4/" local="129981541880000000" remote="129981541880000000" />
<file name="grunt.js" server="C:/xampp/htdocs/cd4/" local="129981541880000000" remote="129981541880000000" />
<file name="jquery-1.8.3.js" server="C:/xampp/htdocs/cd4/" local="129981541880000000" remote="129981541880000000" />
<file name="MIT-LICENSE.txt" server="C:/xampp/htdocs/cd4/" local="129981541880000000" remote="129981541880000000" />
<file name="package.json" server="C:/xampp/htdocs/cd4/" local="129981541880000000" remote="129981541880000000" />
<file name="README.md" server="C:/xampp/htdocs/cd4/" local="129981541880000000" remote="129981541880000000" />
<file name="ui.accordion.jquery.json" server="C:/xampp/htdocs/cd4/" local="129981541880000000" remote="129981541880000000" />
<file name="ui.autocomplete.jquery.json" server="C:/xampp/htdocs/cd4/" local="129981541880000000" remote="129981541880000000" />
<file name="ui.button.jquery.json" server="C:/xampp/htdocs/cd4/" local="129981541880000000" remote="129981541880000000" />
<file name="ui.core.jquery.json" server="C:/xampp/htdocs/cd4/" local="129981541880000000" remote="129981541880000000" />
<file name="ui.datepicker.jquery.json" server="C:/xampp/htdocs/cd4/" local="129981541880000000" remote="129981541880000000" />
<file name="ui.dialog.jquery.json" server="C:/xampp/htdocs/cd4/" local="129981541880000000" remote="129981541880000000" />
<file name="ui.draggable.jquery.json" server="C:/xampp/htdocs/cd4/" local="129981541880000000" remote="129981541880000000" />
<file name="ui.droppable.jquery.json" server="C:/xampp/htdocs/cd4/" local="129981541880000000" remote="129981541880000000" />
<file name="ui.effect-blind.jquery.json" server="C:/xampp/htdocs/cd4/" local="129981541880000000" remote="129981541880000000" />
<file name="ui.effect-bounce.jquery.json" server="C:/xampp/htdocs/cd4/" local="129981541880000000" remote="129981541880000000" />
<file name="ui.effect-clip.jquery.json" server="C:/xampp/htdocs/cd4/" local="129981541880000000" remote="129981541880000000" />
<file name="ui.effect-drop.jquery.json" server="C:/xampp/htdocs/cd4/" local="129981541880000000" remote="129981541880000000" />
<file name="ui.effect-explode.jquery.json" server="C:/xampp/htdocs/cd4/" local="129981541880000000" remote="129981541880000000" />
<file name="ui.effect-fade.jquery.json" server="C:/xampp/htdocs/cd4/" local="129981541880000000" remote="129981541880000000" />
<file name="ui.effect-fold.jquery.json" server="C:/xampp/htdocs/cd4/" local="129981541880000000" remote="129981541880000000" />
<file name="ui.effect-highlight.jquery.json" server="C:/xampp/htdocs/cd4/" local="129981541880000000" remote="129981541880000000" />
<file name="ui.effect-pulsate.jquery.json" server="C:/xampp/htdocs/cd4/" local="129981541880000000" remote="129981541880000000" />
<file name="ui.effect-scale.jquery.json" server="C:/xampp/htdocs/cd4/" local="129981541880000000" remote="129981541880000000" />
<file name="ui.effect-shake.jquery.json" server="C:/xampp/htdocs/cd4/" local="129981541880000000" remote="129981541880000000" />
<file name="ui.effect-slide.jquery.json" server="C:/xampp/htdocs/cd4/" local="129981541880000000" remote="129981541880000000" />
<file name="ui.effect-transfer.jquery.json" server="C:/xampp/htdocs/cd4/" local="129981541880000000" remote="129981541880000000" />
<file name="ui.effect.jquery.json" server="C:/xampp/htdocs/cd4/" local="129981541880000000" remote="129981541880000000" />
<file name="ui.menu.jquery.json" server="C:/xampp/htdocs/cd4/" local="129981541880000000" remote="129981541880000000" />
<file name="ui.mouse.jquery.json" server="C:/xampp/htdocs/cd4/" local="129981541880000000" remote="129981541880000000" />
<file name="ui.position.jquery.json" server="C:/xampp/htdocs/cd4/" local="129981541880000000" remote="129981541880000000" />
<file name="ui.progressbar.jquery.json" server="C:/xampp/htdocs/cd4/" local="129981541880000000" remote="129981541880000000" />
<file name="ui.resizable.jquery.json" server="C:/xampp/htdocs/cd4/" local="129981541880000000" remote="129981541880000000" />
<file name="ui.selectable.jquery.json" server="C:/xampp/htdocs/cd4/" local="129981541880000000" remote="129981541880000000" />
<file name="ui.slider.jquery.json" server="C:/xampp/htdocs/cd4/" local="129981541880000000" remote="129981541880000000" />
<file name="ui.sortable.jquery.json" server="C:/xampp/htdocs/cd4/" local="129981541880000000" remote="129981541880000000" />
<file name="ui.spinner.jquery.json" server="C:/xampp/htdocs/cd4/" local="129981541880000000" remote="129981541880000000" />
<file name="ui.tabs.jquery.json" server="C:/xampp/htdocs/cd4/" local="129981541880000000" remote="129981541880000000" />
<file name="ui.tooltip.jquery.json" server="C:/xampp/htdocs/cd4/" local="129981541880000000" remote="129981541880000000" />
<file name="ui.widget.jquery.json" server="C:/xampp/htdocs/cd4/" local="129981541880000000" remote="129981541880000000" />
</dwsync>